<beans xmlns="http://www.springframework.org/schema/beans"
	xmlns:context="http://www.springframework.org/schema/context"
	 xmlns:tx="http://www.springframework.org/schema/tx"
	xmlns:aop="http://www.springframework.org/schema/aop" 
	xmlns:xsi="http://www.w3.org/2001/XMLSchema-instance"
	xsi:schemaLocation="
   http://www.springframework.org/schema/beans     
   http://www.springframework.org/schema/beans/spring-beans-4.3.xsd
   http://www.springframework.org/schema/context 
   http://www.springframework.org/schema/context/spring-context-4.3.xsd">
                       <!--  PropertyInjection  Example without constuctor  -->
 <!--  <bean id="address" class="com.cg.project.beans.Address">
 <property name="city" value="pune"/>
  <property name="state" value="Maharastra"/>
 <property name="pinCode" value="432554"/>
 <property name="country" value="India"/>
</bean>
<bean id="associate" class="com.cg.project.beans.Associate">
 <property name="associateID" value="444"/>
 <property name="firstName" value="Siva"/>
 <property name="lastName" value="Prasad"/>
 <property name="address" ref="address"/>
</bean> -->
               
           <!--  ConstructorInjection  Example   -->

<bean id="address" class="com.cg.project.beans.Address" />
 <!--<constructor-arg name="city" value="pune"/>
  <constructor-arg name="state" value="Maharastra"/>
 <constructor-arg name="pinCode" value="432554"/>
 <constructor-arg name="country" value="India"/>
</bean> -->
<bean id="associate" class="com.cg.project.beans.Associate" autowire="byName" scope="prototype"/>
 <!--<constructor-arg name="associateID" value="444"/>
 <constructor-arg name="firstName" value="Siva"/>
 <constructor-arg name="lastName" value="Prasad"/>
 <constructor-arg name="address" ref="address"/>
</bean> -->
</beans>